,q1_activity,q1_pval,age_activity,age_pval,sig_q1,sig_age,sig_both,same_direction
E2F1,-7.603676276632099,2.1450346707196918e-11,0.31968802597627727,0.9259219765663147,True,False,False,False
E2F4,-6.0137921591961865,3.246311734983465e-07,0.24205248624009057,0.9463640451431274,True,False,False,False
FOXJ1,-4.234781133759585,0.0008461543475277,1.7554679001661047,0.40649551153182983,True,False,False,False
E2F3,-4.057859197658761,0.0014486578293144,-0.84700359223664,0.7673507332801819,True,False,False,True
E2F2,-3.7959069007929545,0.003223113482818,-0.41684046015502274,0.9062198996543884,True,False,False,True
HCFC1,-3.105093727503124,0.0237597431987524,0.051206569010233,0.9889141321182251,True,False,False,False
TFDP1,-3.097875066700843,0.0239186082035303,-0.6501042142706098,0.822526216506958,True,False,False,True
ARID4B,-2.8460603315203548,0.0445883236825466,0.6323139452315998,0.8325351476669312,True,False,False,False
GLI2,-2.776938553018571,0.0532720796763896,0.6877093517467792,0.817372739315033,False,False,False,False
ZNF143,-2.676491365008705,0.0641898363828659,0.7452565126325791,0.8015767335891724,False,False,False,False
HOXB13,-2.6629111459141916,0.0660223737359047,1.302153698486298,0.5829251408576965,False,False,False,False
ZNF382,-2.555484511758049,0.0823263600468635,1.0971846895774768,0.6695696115493774,False,False,False,False
HDAC7,-2.475503512545204,0.0988882929086685,-1.3128261501351697,0.5829251408576965,False,False,False,True
SMARCA1,-2.425169065267789,0.10797581076622,0.39683700065595306,0.9062198996543884,False,False,False,False
PAWR,-2.41810573263549,0.1089928969740867,0.8941141277893402,0.7564019560813904,False,False,False,False
DLX1,-2.3650702740537746,0.1210833266377449,1.5647414400639599,0.4889094829559326,False,False,False,False
ARID3A,-2.3488722218794043,0.1213299259543418,0.10089139322094119,0.9714920520782471,False,False,False,False
MYCN,-2.2873438521690277,0.1290808618068695,-2.2648615346833534,0.2079630196094513,False,False,False,True
ZBTB14,-2.257749146316394,0.1328283697366714,1.244970630601079,0.6138267517089844,False,False,False,False
SMARCA5,-2.097120362680743,0.1814962029457092,0.7234124417193531,0.8021367788314819,False,False,False,False
FOXD1,-2.092608131249591,0.1814962029457092,-0.3693230512055949,0.9134213924407959,False,False,False,True
NEUROG3,-2.0546011082954476,0.1909328550100326,1.8903903807401599,0.3533788025379181,False,False,False,False
HIPK2,-1.9519666204018689,0.226899191737175,0.1351264763285041,0.9714920520782471,False,False,False,False
ZMYND8,-1.9098331521327905,0.2420440465211868,-1.481008625465473,0.5157152414321899,False,False,False,True
MTF2,-1.8617287451596496,0.2528277337551117,0.6142171141101487,0.8399097323417664,False,False,False,False
MYBL2,-1.8381608808606125,0.2650042176246643,-0.308303392831156,0.9306084513664246,False,False,False,True
KCNIP3,-1.8308984737178216,0.2677858769893646,-0.14284209587970922,0.9714920520782471,False,False,False,True
OLIG2,-1.80889623772899,0.2779772579669952,-0.39536518794894876,0.9062198996543884,False,False,False,True
INSM1,-1.8013538100873747,0.2810430526733398,1.8979578329568307,0.35080549120903015,False,False,False,False
FOXM1,-1.737418374667939,0.3123426437377929,3.1331153217861827,0.034569136798381805,False,True,False,False
DMRT1,-1.7255002589473258,0.3147328197956085,1.608040974918016,0.4789450466632843,False,False,False,False
ZFHX3,-1.6690918139024018,0.3405256271362304,0.6857536442318167,0.817372739315033,False,False,False,False
STOX1,-1.5458396321047096,0.3875967562198639,-0.47200309459072814,0.8873828649520874,False,False,False,True
HINFP,-1.5435539841105193,0.3875967562198639,0.4428725416825194,0.8964123725891113,False,False,False,False
FOXG1,-1.4986210463732748,0.4036417007446289,-0.4226292479256393,0.9045389890670776,False,False,False,True
DAXX,-1.481300705166139,0.4126506745815277,2.2079589353046813,0.223888099193573,False,False,False,False
UTF1,-1.4655265579697443,0.4146287739276886,-0.47756467655880724,0.8871720433235168,False,False,False,True
HOXC8,-1.46012182315979,0.4146287739276886,1.3604180137881632,0.5666226148605347,False,False,False,False
BCOR,-1.4183079222140362,0.4358997642993927,-0.7187327428222808,0.8021367788314819,False,False,False,True
ZIC2,-1.4122602902671582,0.4390919804573059,1.3950624148185684,0.5489457249641418,False,False,False,False
DNMT3A,-1.380748661139047,0.4518540203571319,1.7739098069983052,0.3973785638809204,False,False,False,False
OTX2,-1.364516134089097,0.4541701674461365,-1.564981044294438,0.4889094829559326,False,False,False,True
ZKSCAN7,-1.341543882888952,0.4717196226119995,0.3795318148157787,0.9100565314292908,False,False,False,False
SMARCA4,-1.310430145001822,0.4932011663913727,-0.033573582794000384,0.9931373596191406,False,False,False,True
E2F5,-1.251854421735335,0.5220219492912292,0.7045886356675461,0.8071945905685425,False,False,False,False
PATZ1,-1.2457686476004577,0.5220219492912292,-2.007162292114032,0.31874945759773254,False,False,False,True
LEF1,-1.24525815181046,0.5220219492912292,-1.0159711766748556,0.7040518522262573,False,False,False,True
HDAC9,-1.240661499714236,0.5241172909736633,1.1487599258011045,0.6635387539863586,False,False,False,False
ZNF236,-1.222132620205689,0.5354055166244507,2.558443637455367,0.11849422007799149,False,False,False,False
PAX9,-1.2125441747109758,0.5389864444732666,0.8213043467805399,0.7826116681098938,False,False,False,False
FOXA3,-1.1988629464852685,0.5469216108322144,2.663218265039337,0.106056809425354,False,False,False,False
SRY,-1.1934468318135654,0.5469216108322144,1.7034470101976875,0.42605942487716675,False,False,False,False
NR6A1,-1.188933515088191,0.5492352843284607,1.4734420808448139,0.5157152414321899,False,False,False,False
NONO,-1.182716244716152,0.5495041608810425,-0.2710719452007118,0.9391927123069763,False,False,False,True
PRDM16,-1.1768325821713008,0.5495041608810425,0.5104467467775252,0.8830636143684387,False,False,False,False
TOX3,-1.1725801605588058,0.5515010952949524,0.5498535398344108,0.8747797608375549,False,False,False,False
TCF15,-1.142942365081021,0.5698456168174744,-0.23582031574787082,0.9463640451431274,False,False,False,True
GBX2,-1.0939562042038988,0.5908405780792236,-0.8082554861636289,0.7884209752082825,False,False,False,True
LRRFIP1,-1.058305959000711,0.6077324748039246,0.3545320671662021,0.9141597747802734,False,False,False,False
SALL4,-0.994492203362565,0.644940197467804,-0.7665225055601003,0.7992544770240784,False,False,False,True
HOXA2,-0.992640121641976,0.644940197467804,0.7127214156709514,0.8026222586631775,False,False,False,False
ARID3B,-0.9894713411133522,0.644940197467804,1.076504367726572,0.6804206967353821,False,False,False,False
MLXIPL,-0.9875441945127656,0.644940197467804,2.0363674029797685,0.3003087341785431,False,False,False,False
ZGPAT,-0.9511405573549756,0.660394012928009,0.9773218183900342,0.7182358503341675,False,False,False,False
NR5A1,-0.9422215889723374,0.6637461185455322,0.6816294107604336,0.8175334334373474,False,False,False,False
SRSF2,-0.9335674060703154,0.6652656197547913,-1.139532147626324,0.6635387539863586,False,False,False,True
NR5A2,-0.8965946900057322,0.6837133169174194,3.8017515383221636,0.0062128277495503426,False,True,False,False
HDAC3,-0.8804115020519128,0.6900768876075745,-0.0982676837901313,0.9714920520782471,False,False,False,True
PAX4,-0.8617581331638776,0.7013120055198669,-1.1335645788849396,0.6637965440750122,False,False,False,True
SKIL,-0.8467288074353558,0.707037627696991,-0.3884331816050423,0.9086238145828247,False,False,False,True
NR1D2,-0.8363378524588201,0.7139087915420532,0.40410362053013943,0.9062198996543884,False,False,False,False
SP2,-0.8195389189070862,0.7252410650253296,2.476292214730949,0.13843278586864471,False,False,False,False
POU3F1,-0.8131638268057864,0.7298113107681274,-0.2269047703629942,0.9481555223464966,False,False,False,True
ZNF395,-0.8039252492251215,0.7320618629455566,0.05970618623381824,0.9877691268920898,False,False,False,False
CIITA,-0.7910263235563911,0.7365642786026001,-1.2901282758367443,0.5902407169342041,False,False,False,True
ATOH7,-0.7846308020689965,0.7365642786026001,-1.4729134040723868,0.5157152414321899,False,False,False,True
ISL1,-0.7843559132520294,0.7365642786026001,0.903805052305027,0.7558191418647766,False,False,False,False
SF1,-0.7713100073206096,0.7409514784812927,0.5309270168173583,0.8806014060974121,False,False,False,False
SALL3,-0.7675449710369091,0.7429192066192627,-0.11260082952691086,0.9714920520782471,False,False,False,True
NPAS4,-0.7567948972922496,0.7466331720352173,0.7691650900437038,0.7989190816879272,False,False,False,False
HDAC5,-0.7513590858232314,0.7483651638031006,-0.9541002951159889,0.7296963930130005,False,False,False,True
ZEB1,-0.7419134285517275,0.7506826519966125,-0.6568811895536353,0.8203807473182678,False,False,False,True
NR2C1,-0.7247934788974828,0.7624171376228333,1.1013613221093965,0.6695696115493774,False,False,False,False
PREB,-0.7172313745346038,0.7631797790527344,1.816294607433339,0.3795928657054901,False,False,False,False
LHX2,-0.714615724223648,0.7631797790527344,-1.2820338177864132,0.5908479690551758,False,False,False,True
TAF1,-0.7133843178909623,0.7631797790527344,-0.3303551371602822,0.9237741827964783,False,False,False,True
SHOX2,-0.6988750389004559,0.7723298072814941,-0.09866148134721532,0.9714920520782471,False,False,False,True
PROP1,-0.6946075101611584,0.7737152576446533,1.4089030416197745,0.5383662581443787,False,False,False,False
VSX2,-0.6743005270899787,0.7865373492240906,0.34987582102851134,0.914611279964447,False,False,False,False
LHX3,-0.6739297782372797,0.7865373492240906,1.6666137306390596,0.4449285864830017,False,False,False,False
FOXD3,-0.6736132938600166,0.7865373492240906,1.3223689722100789,0.5829251408576965,False,False,False,False
THAP11,-0.6517791305946105,0.798132061958313,-0.08159512144325885,0.9784243106842041,False,False,False,True
GCM1,-0.6436951708222131,0.8024259209632874,0.1194394093961385,0.9714920520782471,False,False,False,False
PRDM2,-0.6421728963897839,0.8024259209632874,0.3033120194105902,0.9306084513664246,False,False,False,False
FOXA1,-0.6319044493081639,0.8098406195640564,4.162996332097985,0.0018386321607977152,False,True,False,False
SIN3A,-0.6263447119774004,0.8111763596534729,-1.8550944871640285,0.36278119683265686,False,False,False,True
ENO1,-0.6166345855516139,0.8116695880889893,-0.710827415544586,0.8026222586631775,False,False,False,True
NR4A2,-0.6126005159008512,0.8116695880889893,-0.9693700073974406,0.7204973101615906,False,False,False,True
TRPS1,-0.6108449989421918,0.8116695880889893,-0.7198845197578763,0.8021367788314819,False,False,False,True
ZNF202,-0.6080556092635239,0.8116695880889893,-4.619998859074637,0.0003591137647163123,False,True,False,True
FOXN4,-0.6079601907808132,0.8116695880889893,-0.47760876351154413,0.8871720433235168,False,False,False,True
HIC1,-0.602018251348491,0.8120758533477783,0.5155051582524812,0.8830636143684387,False,False,False,False
NKX6-1,-0.5930546199237386,0.8180127739906311,3.3611288093457308,0.018736582249403,False,True,False,False
JARID2,-0.5880840131233931,0.8199042081832886,0.44789601574847054,0.8961728811264038,False,False,False,False
NFE2,-0.5861443154115084,0.8199042081832886,1.5647119938625738,0.4889094829559326,False,False,False,False
NUPR1,-0.5796365932485134,0.8226297497749329,-1.4788076448536511,0.5157152414321899,False,False,False,True
SMARCC1,-0.5727883265472564,0.8242184519767761,0.24065086674681951,0.9463640451431274,False,False,False,False
ZBTB18,-0.5293259935842662,0.8454142808914185,0.6518642383370512,0.822526216506958,False,False,False,False
POU5F1,-0.5265855144523166,0.8454142808914185,-1.5310460162567385,0.49736422300338745,False,False,False,True
ZFPM1,-0.5250724865842736,0.8454142808914185,0.10231355791757607,0.9714920520782471,False,False,False,False
FEV,-0.5153825252177949,0.849786102771759,4.268464235308699,0.0012576774461194873,False,True,False,False
SIX3,-0.511670906547311,0.850010335445404,0.7925967630316408,0.7898380756378174,False,False,False,False
DLX2,-0.498436028316265,0.8552044630050659,-0.9413989606307229,0.7351542115211487,False,False,False,True
NR2F6,-0.4864879878311079,0.8609985709190369,2.0628320196081087,0.28903985023498535,False,False,False,False
IRX1,-0.4728860876390978,0.8655197024345398,0.5361367393704287,0.8789945244789124,False,False,False,False
DACH1,-0.4685125519596862,0.8655197024345398,1.6801356501667224,0.440510630607605,False,False,False,False
NR2F1,-0.4680623370297552,0.8655197024345398,2.411581166910966,0.15851692855358124,False,False,False,False
TBX18,-0.4532218773321693,0.8684696555137634,-0.5595411404278333,0.8747797608375549,False,False,False,True
BCLAF1,-0.4491407009459138,0.8684696555137634,-0.38692225524702184,0.9086238145828247,False,False,False,True
ZNF436,-0.4475812658369248,0.8684696555137634,-1.2807097675084758,0.5908479690551758,False,False,False,True
TRERF1,-0.4318274478624767,0.8807359933853149,-0.009989730180308243,0.9986990094184875,False,False,False,True
ZNF350,-0.4313374688231451,0.8807359933853149,0.2048985627668822,0.953805685043335,False,False,False,False
TBX3,-0.4212061259271059,0.8888105750083923,-0.9006461043565606,0.7558191418647766,False,False,False,True
POU4F1,-0.4126326395920451,0.8953924179077148,-2.050576601475995,0.29321780800819397,False,False,False,True
HNF1A,-0.3863599039828181,0.9117430448532104,8.579631515409158,7.380979880837035e-15,False,True,False,False
HOXB3,-0.3798970314385919,0.9117430448532104,2.57882613502961,0.11849422007799149,False,False,False,False
LMX1A,-0.3781408460222001,0.9117430448532104,-0.3062330189575576,0.9306084513664246,False,False,False,True
CXXC1,-0.3735612253093572,0.9117430448532104,-0.7907450914694828,0.7898380756378174,False,False,False,True
APEX1,-0.3678128379726957,0.9117430448532104,0.46678996138818357,0.8907952308654785,False,False,False,False
NKX2-1,-0.3676942500229345,0.9117430448532104,-0.6037513011601896,0.8469367623329163,False,False,False,True
KMT2B,-0.3633945787212997,0.9117430448532104,-0.2226621917815705,0.9481555223464966,False,False,False,True
TGIF1,-0.3602271397624156,0.9117430448532104,0.5531158149305432,0.8747797608375549,False,False,False,False
TCF7,-0.3574631700336199,0.9117430448532104,0.742053745770406,0.8015767335891724,False,False,False,False
HOXA11,-0.3570840616915358,0.9117430448532104,-0.7356986415078156,0.8015767335891724,False,False,False,True
EMX2,-0.3502963745033298,0.9165155291557312,-1.20262368394557,0.6449283957481384,False,False,False,True
TADA2A,-0.3330582000476212,0.9244310259819032,0.008489443032079836,0.9986990094184875,False,False,False,False
NEUROG1,-0.32888576762877,0.9244310259819032,-0.05971193081876605,0.9877691268920898,False,False,False,True
SPDEF,-0.3247852236217829,0.9244310259819032,2.5516757703510065,0.11890178918838501,False,False,False,False
NAB2,-0.3244044069688964,0.9244310259819032,0.3263995432043021,0.9258481860160828,False,False,False,False
GSC,-0.3160235775692384,0.9249396324157716,0.8528208917895252,0.7673507332801819,False,False,False,False
KAT6B,-0.3124719743715816,0.9250744581222534,0.5424200263725266,0.8781622648239136,False,False,False,False
TCF7L1,-0.3002053644635317,0.9310922026634216,0.10792105634589137,0.9714920520782471,False,False,False,False
BHLHE40,-0.2965618160842145,0.9310922026634216,1.0933640554403095,0.6695696115493774,False,False,False,False
TBX2,-0.2930113044381436,0.9310922026634216,-0.39799405525264,0.9062198996543884,False,False,False,True
BRCA1,-0.2925753759585213,0.9310922026634216,0.5209374253944135,0.8830636143684387,False,False,False,False
MTF1,-0.2879030651322112,0.9310922026634216,1.8145869788637334,0.3795928657054901,False,False,False,False
UBTF,-0.2718405606765423,0.9328998327255248,0.8539549692761225,0.7673507332801819,False,False,False,False
HOXB4,-0.2679109194189968,0.9328998327255248,1.10365280495123,0.6695696115493774,False,False,False,False
ZNF160,-0.2669366453063992,0.9328998327255248,0.08495494697436713,0.9770936369895935,False,False,False,False
HOXD4,-0.2642582463323429,0.9328998327255248,-0.9936123554969987,0.7100319266319275,False,False,False,True
MXD1,-0.2630495405771423,0.9328998327255248,0.16796483187552344,0.9709410071372986,False,False,False,False
IRF7,-0.260856410013065,0.9328998327255248,-1.9532422460472743,0.33646413683891296,False,False,False,True
MAFK,-0.2587367148860493,0.9328998327255248,0.2236983642862017,0.9481555223464966,False,False,False,False
KLF11,-0.2585751663490662,0.9328998327255248,-0.45058519607805664,0.8961728811264038,False,False,False,True
STAT5B,-0.2583721127498732,0.9328998327255248,1.5402821565262357,0.4954822063446045,False,False,False,False
HHEX,-0.2525004555848489,0.9345475435256958,1.976323999194115,0.33268293738365173,False,False,False,False
PTF1A,-0.23594520438431,0.9355254769325256,1.6134318333663615,0.47730085253715515,False,False,False,False
TFDP2,-0.2352068456327364,0.9355254769325256,-0.480357907326482,0.8871720433235168,False,False,False,True
IRF9,-0.2321334390126097,0.9355254769325256,-0.2839034622650604,0.9386051893234253,False,False,False,True
TEAD1,-0.2314326821134275,0.9355254769325256,-0.5491957349626886,0.8747797608375549,False,False,False,True
CDX1,-0.2306767947023204,0.9355254769325256,0.8669639998926568,0.759790301322937,False,False,False,False
MEOX1,-0.2296124554622602,0.9355254769325256,-0.245047036378073,0.9463640451431274,False,False,False,True
IRF2,-0.2295655689788674,0.9355254769325256,2.243341806928143,0.21187996864318848,False,False,False,False
KLF2,-0.2280917584125869,0.9355254769325256,0.04317824479346275,0.9931373596191406,False,False,False,False
NR1D1,-0.2279741800117725,0.9355254769325256,-4.841329499525667,0.00015174326836131513,False,True,False,True
CREM,-0.2193062177304659,0.9409262537956238,-0.5013902425113107,0.8830636143684387,False,False,False,True
BHLHE41,-0.2176675154017085,0.9409262537956238,0.15032090025814826,0.9714920520782471,False,False,False,False
GATA5,-0.2155472095752712,0.9412717819213868,-1.322973634086388,0.5829251408576965,False,False,False,True
SOX2,-0.2091785266652393,0.9435661435127258,2.563472422827587,0.11849422007799149,False,False,False,False
PA2G4,-0.2087096575917887,0.9435661435127258,-0.4505215754086797,0.8961728811264038,False,False,False,True
KLF7,-0.2021687261148476,0.9435661435127258,-0.1449860407504723,0.9714920520782471,False,False,False,True
SALL1,-0.1994173660331823,0.9435661435127258,-1.0630937649948689,0.6861793398857117,False,False,False,True
NFIX,-0.1937104283890379,0.9435661435127258,0.03892299606210268,0.9931373596191406,False,False,False,False
HIVEP1,-0.19366763274803,0.9435661435127258,0.4475985193791958,0.8961728811264038,False,False,False,False
NACC1,-0.1889259559417252,0.9449161291122437,-0.7650008732795055,0.7992544770240784,False,False,False,True
SOX4,-0.1825385831702224,0.9474661946296692,-1.4343134633015528,0.5231906771659851,False,False,False,True
MLX,-0.1785075117412423,0.9482036232948304,1.8973966658976533,0.35080549120903015,False,False,False,False
CRX,-0.17822959907106,0.9482036232948304,-1.3079378480181236,0.5829251408576965,False,False,False,True
TBX20,-0.1648495320409023,0.9537851214408876,0.6711668250081874,0.8175334334373474,False,False,False,False
TBX6,-0.160731654351349,0.9542908668518066,-0.8572593924169405,0.7672454118728638,False,False,False,True
TFAM,-0.1536855540363707,0.9542908668518066,-1.1045038251991042,0.6695696115493774,False,False,False,True
TFEB,-0.1502284575688466,0.9542908668518066,0.3398006132919621,0.9182160496711731,False,False,False,False
ONECUT1,-0.1462384825571291,0.954853653907776,3.2540565076796253,0.02568114548921585,False,True,False,False
SNAI2,-0.1353440676798502,0.95604008436203,0.9825462463820931,0.7174842357635498,False,False,False,False
CUX1,-0.1340935611171372,0.95604008436203,-1.1124560456484844,0.6695696115493774,False,False,False,True
SOX11,-0.1320247071727252,0.95604008436203,1.1996700212832667,0.6455494165420532,False,False,False,False
KLF3,-0.1305404379462824,0.95604008436203,-1.3685451670671451,0.56355220079422,False,False,False,True
RUNX3,-0.1283597799555883,0.95604008436203,-0.8723347007623048,0.759790301322937,False,False,False,True
NR2E1,-0.1264582202320193,0.95604008436203,1.5202307662811316,0.4982052743434906,False,False,False,False
SOX3,-0.1262722336236439,0.95604008436203,0.9497839224549943,0.7305295467376709,False,False,False,False
CREBZF,-0.1229329828341507,0.957004725933075,1.3105528560814903,0.5829251408576965,False,False,False,False
ID4,-0.115049254980297,0.9614598751068116,-1.520334470258013,0.4982052743434906,False,False,False,True
HEY1,-0.1141423082529938,0.9614598751068116,-0.4388051900938385,0.8973644375801086,False,False,False,True
ZNF263,-0.1072067359980151,0.9614598751068116,-0.21600289559903843,0.95013827085495,False,False,False,True
HES6,-0.1000455609923004,0.9621366262435912,0.7814973278600362,0.7898380756378174,False,False,False,False
SFPQ,-0.0997082382092871,0.9621366262435912,1.2669500519024839,0.6004486083984375,False,False,False,False
EZH2,-0.0994480408639992,0.9621366262435912,-2.267115095405218,0.2079630196094513,False,False,False,True
MEIS1,-0.0933198326133165,0.9643347859382628,-0.20896258152651467,0.9517443180084229,False,False,False,True
TLX2,-0.0872841969429377,0.9650103449821472,2.393361898400269,0.16324521601200104,False,False,False,False
MED1,-0.0812955997877381,0.967074453830719,0.12666447272372547,0.9714920520782471,False,False,False,False
NR4A3,-0.0745902901810472,0.970422387123108,-0.10656223010459462,0.9714920520782471,False,False,False,True
ETV3,-0.0725513836716886,0.970422387123108,0.004359182501461284,0.9986990094184875,False,False,False,False
YBX3,-0.0719828967775927,0.970422387123108,0.5632569121103105,0.8736727833747864,False,False,False,False
SP4,-0.056414712913529,0.977417290210724,-0.12078456431526194,0.9714920520782471,False,False,False,True
SATB2,-0.0535796675720364,0.9782943725585938,-0.986661769960702,0.7152878642082214,False,False,False,True
TBR1,-0.0507988949925291,0.9791251420974731,-0.7857246822938074,0.7898380756378174,False,False,False,True
PDX1,-0.0404683832813488,0.9846484065055848,2.385436510078623,0.16324521601200104,False,False,False,False
FOXH1,-0.0365585461198698,0.9858757257461548,2.1708148311200013,0.24039265513420105,False,False,False,False
NR2E3,-0.0288121490130708,0.9858757257461548,1.1366170822576651,0.6635387539863586,False,False,False,False
TFCP2,-0.0285412804426826,0.9858757257461548,1.035927196936812,0.6930103898048401,False,False,False,False
BCL11B,-0.027778732266437,0.9858757257461548,0.4294615340206804,0.9013170003890991,False,False,False,False
ATOH1,-0.0265568989879627,0.9858757257461548,-1.553913470387508,0.4903319776058197,False,False,False,True
FOXA2,-0.0181004289807942,0.9898132085800172,3.8671215763854065,0.005517057608813047,False,True,False,False
NR1H4,-0.013303519214144,0.9922289252281188,4.4391709446693115,0.0007060708594508469,False,True,False,False
HLX,0.0024057713295703,0.9980804920196532,0.6331181833110116,0.8325351476669312,False,False,False,True
PML,0.0099942047201445,0.993449330329895,-1.49116974180049,0.5157152414321899,False,False,False,False
NRL,0.0186106198283659,0.9898132085800172,-0.6215358082361916,0.8380045294761658,False,False,False,False
HMGB2,0.0297931884849227,0.9858757257461548,-1.060904231694123,0.6861793398857117,False,False,False,False
HOPX,0.034980580397022,0.9858757257461548,1.3020663238013657,0.5829251408576965,False,False,False,True
TBPL1,0.0478641864324682,0.9800788164138794,0.05315054323065139,0.9887776970863342,False,False,False,True
FOXP3,0.0653249292489346,0.971579372882843,-0.6259534048858396,0.8360085487365723,False,False,False,False
MTA3,0.066243962707279,0.971579372882843,-0.8712136534181988,0.759790301322937,False,False,False,False
SOX9,0.0675889719290038,0.971579372882843,-0.2696569207751553,0.9391927123069763,False,False,False,False
E2F6,0.0817644114466362,0.967074453830719,0.6817483807862253,0.8175334334373474,False,False,False,True
GLI1,0.0895628532905997,0.9645653367042542,2.130867829766435,0.2568524479866028,False,False,False,True
HOXC13,0.0913712903561459,0.9645079970359802,-0.9268876852689427,0.7420218586921692,False,False,False,False
HLF,0.0956117061948374,0.9638769030570984,-2.072689760817478,0.2886895537376404,False,False,False,False
EGR3,0.1006457926960507,0.9621366262435912,-1.340582944865684,0.5819220542907715,False,False,False,False
MSX2,0.107960490153289,0.9614598751068116,0.47794971140004666,0.8871720433235168,False,False,False,True
VHL,0.1092621883046775,0.9614598751068116,-2.238527547696957,0.21195079386234283,False,False,False,False
HOXC6,0.1095978688436118,0.9614598751068116,-0.969458583109481,0.7204973101615906,False,False,False,False
YY1,0.1258115722276537,0.95604008436203,0.01952982550905106,0.99772047996521,False,False,False,True
EP300,0.1305328685447606,0.95604008436203,1.1647729748179227,0.6630511283874512,False,False,False,True
HDAC1,0.1427948113225882,0.954853653907776,0.6576443426552768,0.8203807473182678,False,False,False,True
GATA3,0.1429443922392904,0.954853653907776,0.4735034496542527,0.8873828649520874,False,False,False,True
ZNF804A,0.1486521517150422,0.9542908668518066,1.8148186848344106,0.3795928657054901,False,False,False,True
SMAD7,0.1520211062643674,0.9542908668518066,-0.737479309712504,0.8015767335891724,False,False,False,False
BTG2,0.1534332612376103,0.9542908668518066,-0.4327920324242221,0.8997882008552551,False,False,False,False
TBP,0.1539117799559125,0.9542908668518066,1.0291283025907483,0.6944260001182556,False,False,False,True
CREB3L1,0.1579359521354416,0.9542908668518066,-1.1092252786786012,0.6695696115493774,False,False,False,False
HOXA10,0.1597270709873337,0.9542908668518066,0.6343709355631207,0.8325351476669312,False,False,False,True
ZFP42,0.1650263331723614,0.9537851214408876,-0.7236904584545817,0.8021367788314819,False,False,False,False
FOXQ1,0.173337753416826,0.9494436383247375,-0.797926694942592,0.7898380756378174,False,False,False,False
TCF4,0.1744494463162017,0.9494436383247375,1.1872325189324486,0.6487740278244019,False,False,False,True
ZBTB7A,0.1841215198319011,0.9474661946296692,1.2208778984359858,0.6320449113845825,False,False,False,True
ZBTB17,0.1922014887016531,0.9435661435127258,-1.757182204648036,0.40649551153182983,False,False,False,False
KLF8,0.1922439972649309,0.9435661435127258,-0.4479048513724676,0.8961728811264038,False,False,False,False
NKX2-2,0.1948832021891864,0.9435661435127258,-0.510476137591013,0.8830636143684387,False,False,False,False
PROX1,0.1986260471777623,0.9435661435127258,-1.8576446775768927,0.36278119683265686,False,False,False,False
AHRR,0.2009107390898958,0.9435661435127258,0.7263038005417154,0.8021367788314819,False,False,False,True
NSD2,0.2030220168565845,0.9435661435127258,-0.15678183345791213,0.9714920520782471,False,False,False,False
LYL1,0.2272148888842268,0.9355254769325256,-1.8480894033645867,0.36370202898979187,False,False,False,False
NEUROD2,0.2276911875235187,0.9355254769325256,-0.024920000485976354,0.9958124756813049,False,False,False,False
NR1I2,0.231822341782528,0.9355254769325256,1.6051828247364102,0.4789450466632843,False,False,False,True
EOMES,0.2379951265758597,0.9355254769325256,0.2263546230681623,0.9481555223464966,False,False,False,True
BACH2,0.2501278308409968,0.935124695301056,-1.1461175080924615,0.6635387539863586,False,False,False,False
HOXB2,0.2558247735729329,0.9331104159355164,0.10743890037411036,0.9714920520782471,False,False,False,True
ZBTB33,0.2577893614862431,0.9328998327255248,0.2226547901759597,0.9481555223464966,False,False,False,True
NR1H2,0.2615297272164296,0.9328998327255248,1.6746101193181524,0.440510630607605,False,False,False,True
EWSR1,0.2629224730574021,0.9328998327255248,0.0989586547209583,0.9714920520782471,False,False,False,True
GATA4,0.2664996377394467,0.9328998327255248,-0.4804511204416235,0.8871720433235168,False,False,False,False
TBXT,0.2674725647301865,0.9328998327255248,0.7123273525179422,0.8026222586631775,False,False,False,True
KDM2A,0.2779495518122413,0.9328998327255248,0.009478839948970008,0.9986990094184875,False,False,False,True
IRF5,0.2844379685210574,0.9323636889457704,-2.9837909989045843,0.051656387746334076,False,False,False,False
KAT5,0.2875615465776273,0.9310922026634216,-0.8898542486080219,0.7564019560813904,False,False,False,False
NFE2L3,0.2902232527103021,0.9310922026634216,0.5068608859936378,0.8830636143684387,False,False,False,True
XBP1,0.2921809602094216,0.9310922026634216,1.0979594795025718,0.6695696115493774,False,False,False,True
MIXL1,0.2985995824418578,0.9310922026634216,-3.1999886328346316,0.029138097539544106,False,True,False,False
HTATIP2,0.299214214522754,0.9310922026634216,0.2705559038357701,0.9391927123069763,False,False,False,True
KDM5C,0.311489730542427,0.9250744581222534,-0.3226861673566567,0.9259219765663147,False,False,False,False
NEUROD1,0.315123444003222,0.9249396324157716,-0.5563096581169703,0.8747797608375549,False,False,False,False
SOX18,0.3159500331927508,0.9249396324157716,-0.3472327633224428,0.914611279964447,False,False,False,False
GRHL2,0.3162652740313838,0.9249396324157716,-3.563883793299227,0.010834531858563423,False,True,False,False
ERF,0.3225990856341639,0.9244836568832396,-0.505568758482067,0.8830636143684387,False,False,False,False
ZNF699,0.326291951076653,0.9244310259819032,-0.8452851900170286,0.7673507332801819,False,False,False,False
RXRB,0.3313777032758891,0.9244310259819032,0.6252959278891338,0.8360085487365723,False,False,False,True
PITX3,0.3337882717420091,0.9244310259819032,-1.115941480248228,0.6695696115493774,False,False,False,False
PHF20,0.334699650763008,0.9244310259819032,-0.6909523933511815,0.817372739315033,False,False,False,False
ASCL1,0.3388222765306267,0.924062728881836,-0.8262636939863192,0.7793751358985901,False,False,False,False
IKZF4,0.3427689680982106,0.9219871163368224,0.19200676427416377,0.9574796557426453,False,False,False,True
WT1,0.3592688627085651,0.9117430448532104,-2.30763490123569,0.19318878650665283,False,False,False,False
NOTO,0.3607842106931358,0.9117430448532104,0.8694394452604619,0.759790301322937,False,False,False,True
MNT,0.3667426034956398,0.9117430448532104,-1.4415526459325272,0.5231906771659851,False,False,False,False
SON,0.3672712324958654,0.9117430448532104,0.6172765775082381,0.838635265827179,False,False,False,True
NFIB,0.3713694659818049,0.9117430448532104,-0.5366639651329873,0.8789945244789124,False,False,False,False
FHL2,0.3731852715913333,0.9117430448532104,-0.8900709552421844,0.7564019560813904,False,False,False,False
ZNF410,0.3762126310116156,0.9117430448532104,0.3165762948477755,0.9268479943275452,False,False,False,True
DBP,0.3804492393288537,0.9117430448532104,3.403532227750667,0.016632042825222015,False,True,False,True
ELF5,0.3898332989477774,0.9106234908103944,0.37354903914536747,0.9127391576766968,False,False,False,True
FOXN1,0.3952489652547541,0.9070929884910583,0.721818611940998,0.8021367788314819,False,False,False,True
NANOG,0.3975865910130425,0.9065358638763428,-1.5234036890927707,0.4982052743434906,False,False,False,False
PITX1,0.4098936327968546,0.8963459134101868,-0.2596970767565973,0.9442172050476074,False,False,False,False
FOSL1,0.4483173824082229,0.8684696555137634,1.7787590479818234,0.3973785638809204,False,False,False,True
ZNF362,0.448649503150412,0.8684696555137634,1.993859661761799,0.32239216566085815,False,False,False,True
HSF4,0.4503974356086315,0.8684696555137634,-1.196753936308966,0.645842969417572,False,False,False,False
MXI1,0.4539975737561409,0.8684696555137634,1.1740969945143962,0.6554040312767029,False,False,False,True
KAT2B,0.4571128133820212,0.8684696555137634,0.02853091292952073,0.9950389266014099,False,False,False,True
MITF,0.4627083030968417,0.8672193288803101,-0.6732440771929,0.8175334334373474,False,False,False,False
SATB1,0.4662003922842759,0.8655197024345398,0.0025806171399152156,0.9986990094184875,False,False,False,True
PHOX2A,0.4663541424742062,0.8655197024345398,1.2942202884070464,0.5885224342346191,False,False,False,True
NCOR1,0.4672717988754273,0.8655197024345398,-0.2217112425024369,0.9481555223464966,False,False,False,False
NKX6-2,0.4683418703128456,0.8655197024345398,0.18508369831011207,0.9610106348991394,False,False,False,True
FOXE1,0.4701928638609514,0.8655197024345398,-0.9393549801987916,0.7351542115211487,False,False,False,False
NCOA1,0.4778096301089113,0.8655197024345398,3.323002674681407,0.020776402205228806,False,True,False,True
ARID4A,0.4926936220936639,0.856650173664093,-0.6627547563950323,0.8203807473182678,False,False,False,False
NPAS2,0.495915948650859,0.8552044630050659,1.2652846429226061,0.6004486083984375,False,False,False,True
FOXP2,0.4959689377489309,0.8552044630050659,-0.6765589572569649,0.8175334334373474,False,False,False,False
GTF2I,0.5006397780358274,0.8552044630050659,1.0452878711721116,0.6884819269180298,False,False,False,True
MYF6,0.5056092656408399,0.8525325059890747,-1.7189727339492964,0.41976457834243774,False,False,False,False
CTCFL,0.5061528993999806,0.8525325059890747,-1.3932005341015028,0.5489457249641418,False,False,False,False
MAFG,0.5128620274253929,0.850010335445404,-0.1486964153804785,0.9714920520782471,False,False,False,False
ING4,0.5170376380238788,0.849786102771759,-0.38612041618478204,0.9086238145828247,False,False,False,False
GABPA,0.5183407111404531,0.849786102771759,0.8283181083112201,0.7793751358985901,False,False,False,True
THRA,0.5259725738131803,0.8454142808914185,0.7489007495924684,0.8015767335891724,False,False,False,True
CREBBP,0.5283496816778289,0.8454142808914185,-0.9526128536855689,0.7296963930130005,False,False,False,False
RFX1,0.5308556754550827,0.8454142808914185,1.6007973029038867,0.4789450466632843,False,False,False,True
PITX2,0.5311995623258783,0.8454142808914185,1.627573735089222,0.4667108654975891,False,False,False,True
POU3F2,0.5334507901914836,0.8454142808914185,-0.17902544271673512,0.9642971158027649,False,False,False,False
FGF2,0.5384868204895691,0.8454142808914185,0.49000191139093136,0.8862876296043396,False,False,False,True
HDGF,0.5429708891349099,0.8432860374450684,-0.3586537667482622,0.9136937260627747,False,False,False,False
ELK1,0.5430679538317935,0.8432860374450684,-1.865382012551574,0.36278119683265686,False,False,False,False
MEOX2,0.5533160471235279,0.8365276455879211,-0.8477974321202407,0.7673507332801819,False,False,False,False
ETV1,0.5657271262944942,0.8260229229927063,1.43243832213452,0.5231906771659851,False,False,False,True
IRF6,0.566928004209923,0.8260229229927063,0.6063010831834331,0.8461894392967224,False,False,False,True
CTBP1,0.5673297664809521,0.8260229229927063,0.4415466502660613,0.8964123725891113,False,False,False,True
E2F7,0.5736257820143291,0.8242184519767761,-0.6617778063219788,0.8203807473182678,False,False,False,False
NKX2-5,0.5746590619093234,0.8242184519767761,-1.1249131046782634,0.6664144992828369,False,False,False,False
TAL1,0.5812404489013648,0.8226297497749329,-2.7159549010225033,0.09622392058372498,False,False,False,False
DEAF1,0.5858926126072371,0.8199042081832886,-2.8161649675255864,0.08088986575603485,False,False,False,False
PEG3,0.6008102815165998,0.8120758533477783,-1.935446813955216,0.33646413683891296,False,False,False,False
CEBPE,0.60165068572828,0.8120758533477783,2.980159536094889,0.051656387746334076,False,False,False,True
POU4F2,0.6064687128708326,0.8116695880889893,0.2405527716568133,0.9463640451431274,False,False,False,True
ZFPM2,0.6108341407129548,0.8116695880889893,-0.130429021960443,0.9714920520782471,False,False,False,False
EN1,0.6113896197115839,0.8116695880889893,0.3304430010475278,0.9237741827964783,False,False,False,True
BARX2,0.6139345543872007,0.8116695880889893,-0.3012493416947113,0.9306084513664246,False,False,False,False
HAND1,0.6209282624566076,0.8116695880889893,-0.4629323051856055,0.8928579092025757,False,False,False,False
PBRM1,0.621212605491926,0.8116695880889893,-0.9404683693517992,0.7351542115211487,False,False,False,False
PLAGL1,0.6267524103372818,0.8111763596534729,-2.4494604194089105,0.14699038863182068,False,False,False,False
KDM5B,0.6312244940070049,0.8098406195640564,-1.0996834031589333,0.6695696115493774,False,False,False,False
USF2,0.6438783817388634,0.8024259209632874,3.566577352525182,0.010834531858563423,False,True,False,True
VEZF1,0.6532599040537433,0.798132061958313,0.9636638578071969,0.7244336009025574,False,False,False,True
YAP1,0.6581262697716962,0.7953281402587891,-0.19957225704013795,0.9538784027099609,False,False,False,False
FOXL2,0.6590402136603739,0.7953281402587891,1.2192923788499745,0.6320449113845825,False,False,False,True
ZIC1,0.6682047865888221,0.7887941598892212,0.8661452446246538,0.759790301322937,False,False,False,True
ZNF335,0.6722352668038947,0.7865373492240906,2.528503236857994,0.12313353270292282,False,False,False,True
TCF12,0.6758203288185786,0.7865373492240906,-1.3350578882158612,0.5825715065002441,False,False,False,False
TFAP2D,0.6939452391965365,0.7737152576446533,-1.9569313697235464,0.33646413683891296,False,False,False,False
BACH1,0.6990497222845373,0.7723298072814941,-1.7495297723646903,0.408726304769516,False,False,False,False
DLX3,0.704402141493591,0.7703531980514526,-0.1089785449940414,0.9714920520782471,False,False,False,False
SOX17,0.7152839089389844,0.7631797790527344,-0.2911953330044965,0.9358134865760803,False,False,False,False
LMX1B,0.7185118496912272,0.7631797790527344,-1.4879168281066661,0.5157152414321899,False,False,False,False
ZNF91,0.7219354377882732,0.7631797790527344,-0.2163806557800379,0.95013827085495,False,False,False,False
FEZF1,0.7274033938868218,0.7615894675254822,-0.6493227557675397,0.822526216506958,False,False,False,False
CTBP2,0.737143184783155,0.7536575794219971,-1.59495222410561,0.4801326394081116,False,False,False,False
RBPJ,0.7442977562138245,0.7500784397125244,0.16142436632212878,0.9714920520782471,False,False,False,True
PAX5,0.7449039337375716,0.7500784397125244,-0.3237599777278657,0.9259219765663147,False,False,False,False
NPM1,0.746026383156312,0.7500784397125244,0.09610283489194359,0.9714920520782471,False,False,False,True
KLF1,0.75160223634983,0.7483651638031006,-1.306410368425935,0.5829251408576965,False,False,False,False
HSF2,0.7566660437259387,0.7466331720352173,0.3975719771186326,0.9062198996543884,False,False,False,True
OVOL1,0.7598611264871968,0.7466331720352173,-0.5149234761522697,0.8830636143684387,False,False,False,False
CREB5,0.7599500074787,0.7466331720352173,0.7603676970764991,0.8015767335891724,False,False,False,True
KLF4,0.7758899001839493,0.7381736636161804,-1.6433748674415694,0.46072259545326233,False,False,False,False
TWIST2,0.7767187392226059,0.7381736636161804,1.9106786608114312,0.346329003572464,False,False,False,True
NR2F2,0.7768032426594804,0.7381736636161804,0.5003524955734399,0.8830636143684387,False,False,False,True
PURA,0.782886875281147,0.7365642786026001,0.36695050121707307,0.9136937260627747,False,False,False,True
TBX5,0.7846999519190259,0.7365642786026001,-0.4966146757243159,0.8842319846153259,False,False,False,False
MSX1,0.786306720901499,0.7365642786026001,0.8404337206224405,0.7704545259475708,False,False,False,True
EBF3,0.7880583019013669,0.7365642786026001,-0.16553212677920373,0.9714217782020569,False,False,False,False
HOXD1,0.7903672401511564,0.7365642786026001,0.670631889337794,0.8175334334373474,False,False,False,True
RORA,0.7920718189884218,0.7365642786026001,0.8503650293482031,0.7673507332801819,False,False,False,True
KDM5A,0.8036436715262444,0.7320618629455566,-1.5479784985178728,0.49082517623901367,False,False,False,False
HOXB7,0.8084372964250833,0.7308993339538574,-0.9756070237363011,0.7182358503341675,False,False,False,False
ZNF76,0.8099940840649561,0.7308993339538574,-0.03462514619720892,0.9931373596191406,False,False,False,False
NR0B2,0.8238231809257178,0.7227736711502075,-0.799092014527095,0.7898380756378174,False,False,False,False
HNF4A,0.8261681618967985,0.7222509384155273,7.58029918706198,1.2836026512530463e-11,False,True,False,True
GTF3A,0.8450675139374029,0.707037627696991,-0.9780763674464635,0.7182358503341675,False,False,False,False
PPARG,0.8461927205628159,0.707037627696991,1.4346331646274437,0.5231906771659851,False,False,False,True
FEZF2,0.8465448413174177,0.707037627696991,0.579127103718784,0.8610401153564453,False,False,False,True
TBX15,0.8530166731169534,0.7063716650009155,0.03847451426998871,0.9931373596191406,False,False,False,True
MECP2,0.8575938810951806,0.703635036945343,-2.5346409771296465,0.12288885563611984,False,False,False,False
ARX,0.8688335450086003,0.6961085796356201,0.33975478316780305,0.9182160496711731,False,False,False,True
NFE2L1,0.8739743815328512,0.6928296089172363,-0.25753761598522035,0.9442172050476074,False,False,False,False
NEUROG2,0.8783287564486192,0.690331757068634,-1.7971054832518458,0.3854547142982483,False,False,False,False
MYT1,0.8886224698837567,0.6837882995605469,-2.1361724005932228,0.2563287615776062,False,False,False,False
FOXO4,0.8904398616891642,0.6837882995605469,-0.676477775950354,0.8175334334373474,False,False,False,False
FOXP1,0.8906719603787404,0.6837882995605469,-2.9164926777114832,0.06187572702765465,False,False,False,False
AEBP1,0.8941787375830687,0.6837133169174194,0.5475328135489119,0.8747797608375549,False,False,False,True
CDX2,0.895762612556145,0.6837133169174194,4.607384617376817,0.0003591137647163123,False,True,False,True
MBD1,0.8962242164123368,0.6837133169174194,-0.0687898625616542,0.9861289262771606,False,False,False,False
HNF4G,0.9004548584492229,0.6837133169174194,2.566427438717547,0.11849422007799149,False,False,False,True
SOX5,0.9009965756441136,0.6837133169174194,0.2482762728764818,0.9463640451431274,False,False,False,True
NR2C2,0.9020251539038644,0.6837133169174194,1.2545189000968,0.6072766184806824,False,False,False,True
MBD2,0.9029543567545972,0.6837133169174194,1.7170277804845695,0.41976457834243774,False,False,False,True
RB1,0.907537429313686,0.6837133169174194,-1.5309312932510584,0.49736422300338745,False,False,False,False
FOXF2,0.9159045202958156,0.6786328554153442,-1.8649575913322096,0.36278119683265686,False,False,False,False
RARB,0.92425185196436,0.6722215414047241,-0.275174404386318,0.9391927123069763,False,False,False,False
MLXIP,0.9331846200741736,0.6652656197547913,-0.1467232802722439,0.9714920520782471,False,False,False,False
SALL2,0.9338693059785292,0.6652656197547913,-1.4382845359719456,0.5231906771659851,False,False,False,False
HOXA9,0.9343895416351766,0.6652656197547913,0.3943931553283622,0.9062198996543884,False,False,False,True
PRDM1,0.9421425826813904,0.6637461185455322,-0.5507368340676222,0.8747797608375549,False,False,False,False
ZNF354C,0.9476526998194787,0.6619887351989746,-1.3348477619586652,0.5825715065002441,False,False,False,False
GFI1,0.9527583125911292,0.660394012928009,-2.0700793386347183,0.2886895537376404,False,False,False,False
HOXB5,0.9548533684495588,0.660394012928009,-0.17215164084979492,0.9688071012496948,False,False,False,False
NR1H3,0.9550694978186868,0.660394012928009,5.351062557636834,1.2411074749252293e-05,False,True,False,True
BHLHA15,0.9568195858971263,0.660394012928009,0.05646418009851605,0.9887776970863342,False,False,False,True
HOXD13,0.96086189656404,0.6600399017333984,1.1192723560070856,0.6695696115493774,False,False,False,True
NFIA,0.963982896436508,0.6588180065155029,2.296138443914126,0.19656042754650116,False,False,False,True
SIRT1,0.965416867967474,0.6588180065155029,-0.35535293372971427,0.9141597747802734,False,False,False,False
POU2F1,0.9733148616670704,0.6533412933349609,-1.5992600456354353,0.4789450466632843,False,False,False,False
KAT6A,0.9756302530270896,0.652918815612793,-0.5190046376846634,0.8830636143684387,False,False,False,False
DMTF1,0.9781292596704748,0.65231853723526,-0.3003011346181563,0.9306084513664246,False,False,False,False
NR0B1,0.9893399503168888,0.644940197467804,0.8664110123955924,0.759790301322937,False,False,False,True
TSC22D1,0.9913392169757332,0.644940197467804,-0.4995711379226572,0.8830636143684387,False,False,False,False
ATF7,1.0031329839207532,0.6408109664916992,-0.8091164481331554,0.7884209752082825,False,False,False,False
RXRA,1.0152019771037002,0.630902886390686,3.559737151199075,0.010834531858563423,False,True,False,True
NKX3-1,1.0200960224950495,0.6279993057250977,-1.8342116425746644,0.37214645743370056,False,False,False,False
RORC,1.0341877912189352,0.6162610650062561,0.08746408749943728,0.9764693975448608,False,False,False,True
NR1I3,1.035311038507941,0.6162610650062561,5.551278852735146,5.044327281211736e-06,False,True,False,True
FOSB,1.0379942039871692,0.6162409782409668,0.5536788316969729,0.8747797608375549,False,False,False,True
PLAG1,1.0411617310452164,0.6150239109992981,0.06375257866239818,0.9873612523078918,False,False,False,True
THRB,1.0421767183595405,0.6150239109992981,2.244723733523056,0.21187996864318848,False,False,False,True
NKRF,1.0458211786041212,0.6142042875289917,-1.9309840113255274,0.33646413683891296,False,False,False,False
SREBF2,1.0474937071741053,0.6142042875289917,-1.1552327776093214,0.663276731967926,False,False,False,False
ATF6,1.0528214605783772,0.6111515760421753,0.36402391345640905,0.9136937260627747,False,False,False,True
DNMT3B,1.0652364761944095,0.6029468178749084,-1.7457971321109025,0.4090357720851898,False,False,False,False
KLF13,1.068211119005009,0.6019351482391357,-2.6958566041975454,0.09813477098941803,False,False,False,False
VDR,1.069816275508851,0.6019351482391357,1.5536461567505628,0.4903319776058197,False,False,False,True
HOXA13,1.0737173615177764,0.6003416776657104,0.2350518965990903,0.9463640451431274,False,False,False,True
RFX5,1.0824223612800914,0.5939059257507324,0.29160575479120454,0.9358134865760803,False,False,False,True
GRHL3,1.082737327823695,0.5939059257507324,-1.1586525062891373,0.663276731967926,False,False,False,False
RXRG,1.0860446300675497,0.5939059257507324,-0.0978039033303951,0.9714920520782471,False,False,False,False
PHF5A,1.090338931912186,0.5918692946434021,-0.45899509482422246,0.8949984312057495,False,False,False,False
ZHX2,1.093354049502211,0.5908405780792236,0.42490688996315823,0.9040467739105225,False,False,False,True
ETV6,1.094018075117904,0.5908405780792236,-2.867101835992338,0.07063539326190948,False,False,False,False
NKX3-2,1.1070889309480951,0.5833534002304077,0.7840661883513442,0.7898380756378174,False,False,False,True
PAX2,1.1114139463526391,0.5811079144477844,-0.8873429920039757,0.7564019560813904,False,False,False,False
ARID1A,1.1114549796166326,0.5811079144477844,-1.9593781017634688,0.33646413683891296,False,False,False,False
PHOX2B,1.1135516152308806,0.5811079144477844,0.9138420034870948,0.7517910003662109,False,False,False,True
REST,1.1156066291519284,0.5811079144477844,-1.5771664001395098,0.4885202646255493,False,False,False,False
KLF5,1.1211583414782798,0.5792536735534668,-1.5688758262851985,0.4889094829559326,False,False,False,False
CREB3L3,1.1251777120581803,0.5773108005523682,2.655910031974057,0.10629735141992569,False,False,False,True
ATF5,1.1284575250660205,0.5760663151741028,-1.8846602209884409,0.35495230555534363,False,False,False,False
SIX4,1.1332771659389675,0.5733824968338013,0.3470700545395847,0.914611279964447,False,False,False,True
TEAD2,1.1342385484161406,0.5733824968338013,-3.849212919628328,0.005540171172469854,False,True,False,False
NR4A1,1.1356457151392896,0.5733824968338013,0.1144234860171309,0.9714920520782471,False,False,False,True
ASCL2,1.1475117449748151,0.5674153566360474,0.666200564811124,0.8202223777770996,False,False,False,True
BRD4,1.1527431260058316,0.5643755197525024,-1.0112076903458884,0.7064514756202698,False,False,False,False
MAX,1.1578443754610463,0.5614660978317261,0.8852580731813263,0.7564019560813904,False,False,False,True
POU2F2,1.1686538007567238,0.5533002614974976,-0.27977170025164566,0.9391927123069763,False,False,False,False
MECOM,1.1767274352098085,0.5495041608810425,-0.7365488367387675,0.8015767335891724,False,False,False,False
CEBPA,1.1773787228295671,0.5495041608810425,4.379352878017956,0.000837261148262769,False,True,False,True
WWTR1,1.1794611220951925,0.5495041608810425,-1.585286602076006,0.483569473028183,False,False,False,False
ZGLP1,1.1845308958323195,0.5495041608810425,2.2458609346030705,0.21187996864318848,False,False,False,True
AHR,1.1948083806984895,0.5469216108322144,3.620164335263858,0.010313673876225948,False,True,False,True
PBX1,1.1972015376598937,0.5469216108322144,1.0064038176001773,0.7064514756202698,False,False,False,True
PAX6,1.1972873853003974,0.5469216108322144,1.7270263651228348,0.41976457834243774,False,False,False,True
ZEB2,1.21214514818491,0.5389864444732666,-0.6190561000946324,0.838635265827179,False,False,False,False
EHF,1.219173300958575,0.5362572073936462,-3.786573856065788,0.0062128277495503426,False,True,False,False
MAFA,1.227021855513894,0.5327977538108826,1.0612140803784385,0.6861793398857117,False,False,False,True
HOXB1,1.2350470949993395,0.5273548364639282,-0.6578398960407109,0.8203807473182678,False,False,False,False
NFIC,1.245020192819244,0.5220219492912292,-0.9530186665697064,0.7296963930130005,False,False,False,False
GFI1B,1.2495620299087196,0.5220219492912292,-0.11249087816315563,0.9714920520782471,False,False,False,False
NFYC,1.259581203186574,0.5181224346160889,-1.2124170380704005,0.6368883848190308,False,False,False,False
HAND2,1.264976251403886,0.5151245594024658,0.40545245483227,0.9062198996543884,False,False,False,True
BATF,1.2690091223657305,0.5133570432662964,0.8151729940193452,0.7871240377426147,False,False,False,True
ESRRB,1.2716910062117606,0.5128042101860046,0.2682757314281736,0.9391927123069763,False,False,False,True
PKNOX1,1.2809776497665262,0.5063638091087341,0.7435629633580488,0.8015767335891724,False,False,False,True
ZBTB7B,1.2853178483716778,0.504346489906311,0.20913929871131937,0.9517443180084229,False,False,False,True
NFYA,1.287870329956431,0.5039196610450745,-0.9016171367428242,0.7558191418647766,False,False,False,False
TTF1,1.29229521160425,0.5018380284309387,0.6855644560459199,0.817372739315033,False,False,False,True
TFAP2B,1.294092417763691,0.5018380284309387,0.6435223296215373,0.8266234993934631,False,False,False,True
JDP2,1.2980614325116842,0.500419557094574,0.358520971370129,0.9136937260627747,False,False,False,True
TEF,1.29979171738232,0.500419557094574,-1.3729646619775775,0.5616641044616699,False,False,False,False
ID2,1.3344364338628014,0.4742335677146911,1.4304169751090616,0.5231906771659851,False,False,False,True
E4F1,1.3365043674260606,0.4742335677146911,0.20090323946996422,0.9538784027099609,False,False,False,True
OLIG1,1.3649071795189271,0.4541701674461365,-0.0747430316637706,0.9826547503471375,False,False,False,False
PPARGC1B,1.3703486461847407,0.4527750015258789,0.3039089934624723,0.9306084513664246,False,False,False,True
FLI1,1.373542679794895,0.4518540203571319,-1.3088084381922196,0.5829251408576965,False,False,False,False
ELK4,1.374541609174786,0.4518540203571319,-0.5061438894667767,0.8830636143684387,False,False,False,False
NOTCH1,1.3750436535265766,0.4518540203571319,-0.4722849128347804,0.8873828649520874,False,False,False,False
KMT2A,1.377059994339048,0.4518540203571319,-1.4857490374511249,0.5157152414321899,False,False,False,False
PIN1,1.3782955505264411,0.4518540203571319,-0.35881847679649737,0.9136937260627747,False,False,False,False
PAX1,1.3820386557841122,0.4518540203571319,-0.582322801262718,0.8599516749382019,False,False,False,False
LITAF,1.3831963668483371,0.4518540203571319,-1.710656402206201,0.42252326011657715,False,False,False,False
SMAD6,1.3901034139892283,0.4518540203571319,-2.506109741550354,0.12922240793704987,False,False,False,False
NR3C1,1.3919168522697252,0.4518540203571319,1.280047272219137,0.5908479690551758,False,False,False,True
ESRRG,1.3963643742078342,0.4504546821117401,1.139196561856084,0.6635387539863586,False,False,False,True
ESRRA,1.4269763274815708,0.4306027591228485,2.5627803059111103,0.11849422007799149,False,False,False,True
SIM2,1.4422876379210514,0.42005255818367,-0.7783910892591565,0.7911013960838318,False,False,False,False
KDM5D,1.4450209463006618,0.419579416513443,1.3804167538014576,0.5566775798797607,False,False,False,True
SPIB,1.4479727737362968,0.4189375638961792,0.7861022810961534,0.7898380756378174,False,False,False,True
USF1,1.4492565553127512,0.4189375638961792,2.788722623303845,0.08406510204076767,False,False,False,True
KLF12,1.4577190311278514,0.4146287739276886,-0.40445857252875117,0.9062198996543884,False,False,False,False
MTA1,1.459133224871301,0.4146287739276886,-0.8061169317905039,0.7884209752082825,False,False,False,False
RCOR2,1.459921548021137,0.4146287739276886,-1.3895813406882482,0.5499824285507202,False,False,False,False
GATA6,1.4600144874596852,0.4146287739276886,0.4427969138175663,0.8964123725891113,False,False,False,True
DLX5,1.4664181631831414,0.4146287739276886,0.5330523145654633,0.8802896738052368,False,False,False,True
TCF21,1.4738417433979487,0.413934975862503,-0.5706163312239796,0.8679476976394653,False,False,False,False
KLF9,1.4740035253462525,0.413934975862503,0.40286836076600946,0.9062198996543884,False,False,False,True
TFDP3,1.479878253634326,0.4126506745815277,-1.1608689659633609,0.663276731967926,False,False,False,False
HMGA1,1.4956866628887595,0.4036995470523834,0.3989961540793698,0.9062198996543884,False,False,False,True
CTNNB1,1.4979827616913974,0.4036417007446289,-0.1299901355510672,0.9714920520782471,False,False,False,False
DOT1L,1.498219453779074,0.4036417007446289,0.7491715198480807,0.8015767335891724,False,False,False,True
ID1,1.504373174033553,0.4036417007446289,-0.23417948223742288,0.9463640451431274,False,False,False,False
LHX8,1.5062358862387608,0.4036417007446289,0.09914360421325258,0.9714920520782471,False,False,False,True
NEUROD6,1.5184019644300246,0.3964674174785614,-2.6274070624523556,0.10931705683469772,False,False,False,False
DDIT3,1.5254133444677516,0.39279505610466,-1.2411416598327842,0.6138267517089844,False,False,False,False
IKZF1,1.5260448654174346,0.39279505610466,0.6754385108530093,0.8175334334373474,False,False,False,True
EGR4,1.526063213069729,0.39279505610466,-0.09520685100048083,0.9714920520782471,False,False,False,False
EBF1,1.5310179114875502,0.39279505610466,-1.1922883956744632,0.645842969417572,False,False,False,False
AIRE,1.5333185619094636,0.39279505610466,-0.3848655269751482,0.9086238145828247,False,False,False,False
ABL1,1.551203073068219,0.3852611482143402,0.35951229645604343,0.9136937260627747,False,False,False,True
SPIC,1.560772253192558,0.3797425329685211,1.9406820886930447,0.33646413683891296,False,False,False,True
TFE3,1.5633975586506923,0.3795034289360046,2.44043839543954,0.14852774143218994,False,False,False,True
HOXB6,1.5693458059436376,0.3767630159854889,0.1497515496939634,0.9714920520782471,False,False,False,True
DNMT1,1.5844049130758495,0.3672636747360229,0.73293046411344,0.8015767335891724,False,False,False,True
IRF3,1.5860419566106012,0.3672636747360229,-2.192371404084235,0.2302599847316742,False,False,False,False
CHD4,1.597258673410197,0.3612299561500549,-1.2798585973116616,0.5908479690551758,False,False,False,False
HMGA2,1.602325206085643,0.3592319786548614,-1.3043744299402444,0.5829251408576965,False,False,False,False
NCOR2,1.6099083736764062,0.3554237186908722,-0.9147325083672764,0.7517910003662109,False,False,False,False
HDAC4,1.609937511796417,0.3554237186908722,-2.630880904962297,0.10931705683469772,False,False,False,False
HOXA5,1.6102350421853917,0.3554237186908722,0.8075469853847708,0.7884209752082825,False,False,False,True
HESX1,1.6107809066625614,0.3554237186908722,-3.7757686079981565,0.0062128277495503426,False,True,False,False
FOXI1,1.6195094124599358,0.3552774786949157,0.2722232779455376,0.9391927123069763,False,False,False,True
TCF3,1.6263925026228845,0.3520160317420959,1.5860264711639298,0.483569473028183,False,False,False,True
TBX1,1.6272396278273422,0.3520160317420959,1.3192435540017322,0.5829251408576965,False,False,False,True
SOX10,1.6300299092111563,0.3520160317420959,-0.1217079890244128,0.9714920520782471,False,False,False,False
ZBED1,1.6314722770646053,0.3520160317420959,-1.0346871682654377,0.6930103898048401,False,False,False,False
CEBPG,1.6416899822766955,0.3478879034519195,5.808656964866736,1.4991010175435804e-06,False,True,False,True
HOXA7,1.650232193517427,0.3435108363628387,-0.369674666834569,0.9134213924407959,False,False,False,False
CTCF,1.6506195929640124,0.3435108363628387,-1.429411921235226,0.5231906771659851,False,False,False,False
MYC,1.6514240918532417,0.3435108363628387,0.4090302086780282,0.9062198996543884,False,False,False,True
HES1,1.6562638631108024,0.3435108363628387,-1.0931433461153106,0.6695696115493774,False,False,False,False
GLIS3,1.65840346023748,0.3435108363628387,0.8855393153642074,0.7564019560813904,False,False,False,True
TBPL2,1.6660189713476443,0.3409282267093658,0.4181554710880419,0.9062198996543884,False,False,False,True
SMAD5,1.6690435961742782,0.3405256271362304,-0.018981853246835222,0.99772047996521,False,False,False,False
MESP2,1.678368074350998,0.3374233543872833,0.11928307634858365,0.9714920520782471,False,False,False,True
ZNF148,1.681119008314676,0.3372340798377991,1.551412936934832,0.4903319776058197,False,False,False,True
HR,1.6901352910342722,0.3326490819454193,1.8110612050663366,0.3795938193798065,False,False,False,True
MEF2B,1.692940410215177,0.3324334323406219,-1.0863989117521389,0.6744636297225952,False,False,False,False
ELF4,1.7073658993018546,0.3241735398769378,-1.677441975724918,0.440510630607605,False,False,False,False
NR3C2,1.723783321426673,0.3147328197956085,-1.1836336346240603,0.6501278877258301,False,False,False,False
CREB3,1.7277695612672035,0.3147328197956085,2.060826074550104,0.28903985023498535,False,False,False,True
GLI3,1.729112483322976,0.3147328197956085,-0.23922775720705872,0.9463640451431274,False,False,False,False
PAX8,1.7424355697995146,0.3106886148452759,-0.5014320802801192,0.8830636143684387,False,False,False,False
PAX7,1.752550442343473,0.3056721687316894,-1.4494303410897926,0.5231906771659851,False,False,False,False
ELK3,1.7571950430287744,0.3042964339256286,1.0298706889662166,0.6944260001182556,False,False,False,True
GATA1,1.7597046394867275,0.3042964339256286,1.263427482715776,0.6004486083984375,False,False,False,True
MEF2D,1.766975867530613,0.3012530505657196,-2.1053944827285003,0.270577609539032,False,False,False,False
ZNF300,1.8171545953070407,0.2745050489902496,0.20901196440501732,0.9517443180084229,False,False,False,True
MYOCD,1.882363043775648,0.2427123636007309,0.58371038331883,0.8599516749382019,False,False,False,True
KLF6,1.883102045783801,0.2427123636007309,-1.41956106310141,0.5303410291671753,False,False,False,False
IRF8,1.8833013606597988,0.2427123636007309,-1.241236152312716,0.6138267517089844,False,False,False,False
PGR,1.88486995667998,0.2427123636007309,2.385538969119506,0.16324521601200104,False,False,False,True
PPARA,1.887335147879318,0.2427123636007309,4.1336193504523076,0.0019292003707960248,False,True,False,True
BARX1,1.8931128500976149,0.2427123636007309,-0.8040566618679478,0.7885318398475647,False,False,False,False
NFKB2,1.8934653541733997,0.2427123636007309,-1.4846017938062104,0.5157152414321899,False,False,False,False
DLX4,1.8937192158652163,0.2427123636007309,-2.2329279992380195,0.2124781459569931,False,False,False,False
MAF,1.901983530922984,0.2427123636007309,0.3507107432940381,0.914611279964447,False,False,False,True
TET1,1.906715747544747,0.242283746600151,-1.7194570442300383,0.41976457834243774,False,False,False,False
FOXC1,1.915557887727826,0.2403679490089416,0.099002847532427,0.9714920520782471,False,False,False,True
ETV7,1.9161210660296275,0.2403679490089416,2.636704973428392,0.10931705683469772,False,False,False,True
MAFB,1.9234207363033924,0.2390266954898834,0.5824760431558605,0.8599516749382019,False,False,False,True
MAZ,1.9327574995119103,0.2354093492031097,1.0487030698474853,0.6871075630187988,False,False,False,True
TEAD4,1.9513545540057553,0.226899191737175,-1.3549760512438718,0.5695953965187073,False,False,False,False
LMO2,1.9646867053308643,0.2227813899517059,-0.14177327643286589,0.9714920520782471,False,False,False,False
ATF3,1.967176706018844,0.2227813899517059,-2.602752428867693,0.11539731174707413,False,False,False,False
PAX3,1.9774814039932072,0.2190171927213668,0.03389245489803693,0.9931373596191406,False,False,False,True
ESR2,1.987155379802653,0.2154885530471801,-1.00643391988133,0.7064514756202698,False,False,False,False
ID3,1.9884390065500337,0.2154885530471801,0.2893891472855599,0.9358630776405334,False,False,False,True
PPARGC1A,2.001426770096361,0.2111073434352874,0.26913825943604935,0.9391927123069763,False,False,False,True
TLX1,2.040691407337198,0.1934791356325149,-0.7394063301469416,0.8015767335891724,False,False,False,False
SREBF1,2.0437338765611597,0.1933634877204895,3.4282102323798735,0.01575501449406147,False,True,False,True
ETV5,2.046973553165909,0.1931631714105606,0.9337466846837954,0.739018976688385,False,False,False,True
NFYB,2.0614125542645616,0.1891016364097595,-0.39970771466793625,0.9062198996543884,False,False,False,False
FOXC2,2.061998756126016,0.1891016364097595,0.7323797547421433,0.8015767335891724,False,False,False,True
MYBL1,2.063346478149476,0.1891016364097595,-1.6624838079240758,0.4457937180995941,False,False,False,False
TWIST1,2.0646099097809834,0.1891016364097595,0.3964816422159006,0.9062198996543884,False,False,False,True
MKX,2.075750100188342,0.1877988129854202,-0.13215368118979964,0.9714920520782471,False,False,False,False
STAT5A,2.0950772611283246,0.1814962029457092,0.2585658703469892,0.9442172050476074,False,False,False,True
STAT2,2.0981838603867717,0.1814962029457092,-1.7727843019498442,0.3973785638809204,False,False,False,False
TCF7L2,2.115531959049625,0.1765702068805694,-0.06577463674486515,0.9871577024459839,False,False,False,False
STAT4,2.129861941708056,0.1716641038656234,-0.24248370159645208,0.9463640451431274,False,False,False,False
KLF10,2.1308993955309092,0.1716641038656234,-1.1370581103546167,0.6635387539863586,False,False,False,False
PRDM4,2.1310691420512264,0.1716641038656234,0.8999486279828464,0.7558191418647766,False,False,False,True
TGFB1I1,2.145917452914141,0.1686716675758361,-0.37974053768275,0.9100565314292908,False,False,False,False
MYRF,2.162339341946108,0.163097470998764,-0.5102237639331162,0.8830636143684387,False,False,False,False
BCL3,2.1708353854958036,0.1608698219060897,-0.3104219656333276,0.9306084513664246,False,False,False,False
ZNF384,2.17155412376534,0.1608698219060897,-0.19299603557527675,0.9574796557426453,False,False,False,False
SSRP1,2.183359968910636,0.15828737616539,1.4637819188061483,0.5181742906570435,False,False,False,True
NRG1,2.194010127913745,0.1552753150463104,-2.1476948034269796,0.25188446044921875,False,False,False,False
HNF1B,2.260137010054238,0.1328283697366714,1.1288689517495687,0.6645721793174744,False,False,False,True
RELB,2.2745647439405623,0.1291754245758056,-2.745218695093703,0.089927077293396,False,False,False,False
HOXA1,2.2748991776350644,0.1291754245758056,-1.6359402617520813,0.4646807014942169,False,False,False,False
ZBTB4,2.280140013235748,0.1291754245758056,-0.0057584055291955375,0.9986990094184875,False,False,False,False
FOSL2,2.281177086661049,0.1291754245758056,-1.1554261178814849,0.663276731967926,False,False,False,False
PLAGL2,2.292045580667346,0.1285652816295623,-1.050697762331734,0.6871075630187988,False,False,False,False
PRRX1,2.295814678446386,0.1283735632896423,-1.5296700589648802,0.49736422300338745,False,False,False,False
ARID5B,2.307311790753733,0.1255975514650344,-0.5385341030374645,0.8789945244789124,False,False,False,False
SOX6,2.3073198964467307,0.1255975514650344,-1.138862081630203,0.6635387539863586,False,False,False,False
MZF1,2.3083672101495347,0.1255975514650344,0.5185022965985899,0.8830636143684387,False,False,False,True
PBX2,2.322689719461638,0.1237480193376541,-2.3579212682359207,0.17348255217075348,False,False,False,False
BCL11A,2.3289416208185716,0.1227813884615898,-0.11161241560531374,0.9714920520782471,False,False,False,False
NCOA3,2.330638087439764,0.1227813884615898,0.027661887614824694,0.9950389266014099,False,False,False,True
KAT7,2.340077738693991,0.1213299259543418,-0.005646121533309989,0.9986990094184875,False,False,False,False
IRF4,2.3432322516890705,0.1213299259543418,-0.099391991072154,0.9714920520782471,False,False,False,False
BMAL2,2.3433411719134702,0.1213299259543418,0.18450548744298748,0.9610106348991394,False,False,False,True
TP73,2.3507463854465893,0.1213299259543418,-3.097042331705707,0.037977587431669235,False,True,False,False
TFAP2C,2.3525983878965184,0.1213299259543418,0.0016306141757902873,0.9986990094184875,False,False,False,True
NFKBIB,2.353516245512652,0.1213299259543418,-2.792368964791091,0.08406510204076767,False,False,False,False
ZNF331,2.373333240808238,0.1195587515830993,0.883052964881837,0.7566155195236206,False,False,False,True
PPARD,2.3988427212899164,0.1126435175538063,-1.3606612113143073,0.5666226148605347,False,False,False,False
NRF1,2.4116268404450407,0.1098494827747345,0.09518403016976898,0.9714920520782471,False,False,False,True
HOXD3,2.4324463913793375,0.1069111377000808,1.0053109480592652,0.7064514756202698,False,False,False,True
HBP1,2.450795785798951,0.1026635318994522,-3.0526092699153895,0.04288238659501076,False,True,False,False
SCX,2.456524212823908,0.1020945087075233,-0.05468025903985989,0.9887776970863342,False,False,False,False
BMAL1,2.4710600467566235,0.0990710705518722,0.035151009168951974,0.9931373596191406,False,False,False,True
NFATC3,2.494391094384031,0.0947892218828201,-0.7571761041418321,0.8015767335891724,False,False,False,False
SMAD2,2.5170275327017144,0.0898806974291801,-2.326668314007641,0.18611490726470947,False,False,False,False
ARNT,2.532889702849201,0.0868601128458976,1.055807995064523,0.68677818775177,False,False,False,True
ATF1,2.5695250723013685,0.0799540132284164,-0.9940411840805923,0.7100319266319275,False,False,False,False
CEBPD,2.5770235018544723,0.0791302174329757,-0.7337237253510596,0.8015767335891724,False,False,False,False
FOXO1,2.577047146320574,0.0791302174329757,3.4933177377712243,0.012849240563809872,False,True,False,True
HEY2,2.577986215380084,0.0791302174329757,-2.7699126041524758,0.08693931251764297,False,False,False,False
ELF2,2.5781264377039728,0.0791302174329757,-1.060314291965545,0.6861793398857117,False,False,False,False
MYF5,2.607577552477927,0.0758562460541725,-0.8759857386440459,0.759790301322937,False,False,False,False
POU1F1,2.6474793095137024,0.0682786405086517,-0.4811114635507809,0.8871720433235168,False,False,False,False
TFAP2A,2.6813962390242425,0.0640476644039154,-1.8591314248847466,0.36278119683265686,False,False,False,False
ELF3,2.6979043562997664,0.0617300793528556,-1.947544130786856,0.33646413683891296,False,False,False,False
SNAI1,2.70640714185637,0.060943704098463,-0.9087466585180498,0.7551290392875671,False,False,False,False
NFIL3,2.73466026741116,0.0566814467310905,-0.9952994639689905,0.7100319266319275,False,False,False,False
SP3,2.7408137473639105,0.0563634149730205,1.9678735447978195,0.3360223174095154,False,False,False,True
RUNX2,2.7409750932745136,0.0563634149730205,-0.4471185655030852,0.8961728811264038,False,False,False,False
NCOA2,2.7436500395824424,0.0563634149730205,1.0795714784684363,0.6794662475585938,False,False,False,True
SIX1,2.7556058653401694,0.0560925342142581,0.5820095529378932,0.8599516749382019,False,False,False,True
SMAD4,2.8361515706846703,0.0449575372040271,0.6010201298379132,0.8478717803955078,True,False,False,True
ELF1,2.843312088232102,0.0445883236825466,-0.8905865185813904,0.7564019560813904,True,False,False,False
SP7,2.844959757463693,0.0445883236825466,-1.0532544984552472,0.6868218779563904,True,False,False,False
RARG,2.882932862265118,0.0411121286451816,-1.0667439037121438,0.6861793398857117,True,False,False,False
GATA2,2.9160344043094337,0.0375555418431758,-0.3781045544801829,0.9100565314292908,True,False,False,False
TFAP4,2.931773585893279,0.0362543798983097,-3.1378271362849395,0.034569136798381805,True,True,True,False
IRF1,2.9321896880759946,0.0362543798983097,-1.4570057063259498,0.5221999287605286,True,False,False,False
BCL6,2.940780669145944,0.0362543798983097,-1.8528341699184205,0.36278119683265686,True,False,False,False
STAT6,2.958468078954625,0.0348687246441841,-1.4662113372345673,0.5181742906570435,True,False,False,False
MSC,2.964635899519382,0.0347380302846431,-0.24553236862615982,0.9463640451431274,True,False,False,False
NFAT5,2.971481190154876,0.0345396809279918,1.035700254704131,0.6930103898048401,True,False,False,True
CEBPZ,3.0008964663725455,0.031905747950077,1.9129834277605244,0.346329003572464,True,False,False,True
YBX1,3.006936664130457,0.0318183079361915,0.7422764391416714,0.8015767335891724,True,False,False,True
MYB,3.1093905081007995,0.0237597431987524,1.802973464857592,0.3834449052810669,True,False,False,True
ZBTB16,3.1836099606128476,0.0188446249812841,1.0950252445593216,0.6695696115493774,True,False,False,True
CREB1,3.236871951307891,0.0159547831863164,1.632858502804159,0.4646807014942169,True,False,False,True
ETV2,3.2409065047682573,0.0159547831863164,0.2408849147904374,0.9463640451431274,True,False,False,True
HSF1,3.246786014279118,0.0159547831863164,-1.1393098412788496,0.6635387539863586,True,False,False,False
NFATC4,3.2607992725365884,0.0155488057062029,-3.5061526927574396,0.012735645286738873,True,True,True,False
KLF15,3.291850918701752,0.014215332455933,0.7165575728224242,0.8024625778198242,True,False,False,True
RARA,3.3081264810290136,0.0136945080012083,-0.7505891941623326,0.8015767335891724,True,False,False,False
CLOCK,3.315869612708117,0.0136044034734368,0.5047705147287223,0.8830636143684387,True,False,False,True
CEBPB,3.331626818885624,0.013137218542397,3.591147443372088,0.010834531858563423,True,True,True,True
NFKB1,3.3426465742875013,0.0129075394943356,-1.4382620521163993,0.5231906771659851,True,False,False,False
REL,3.343203340282525,0.0129075394943356,-1.002368563339158,0.7073604464530945,True,False,False,False
ERG,3.3806125262356312,0.0117742316797375,0.19983569118328853,0.9538784027099609,True,False,False,True
ETV4,3.4041130202559606,0.0110645042732357,-1.9986454374629592,0.3219772279262543,True,False,False,False
STAT1,3.426948577254351,0.0104235392063856,-1.4448191738798337,0.5231906771659851,True,False,False,False
MEF2C,3.4540211826829363,0.0096678733825683,-1.9383200794178188,0.33646413683891296,True,False,False,False
MYOD1,3.5138694459689797,0.0079305740073323,-0.31931501348295904,0.9259219765663147,True,False,False,False
EPAS1,3.5721869395528545,0.0065258662216365,-0.2829228642443675,0.9386051893234253,True,False,False,False
TBX21,3.5856400354595492,0.0063663246110081,-1.13184446797383,0.6637965440750122,True,False,False,False
TP63,3.59380349265127,0.0063416333869099,-2.5785515464706528,0.11849422007799149,True,False,False,False
SMAD1,3.631160353309021,0.0056482320651412,-1.5577359507544075,0.4903319776058197,True,False,False,False
MYOG,3.659498421602034,0.0052082515321671,-1.4859781866934654,0.5157152414321899,True,False,False,False
EGR2,3.732240008074328,0.0040311240591108,-1.7201771986342893,0.41976457834243774,True,False,False,False
NFATC2,3.829810869250094,0.0029009019490331,-1.683315959062393,0.440510630607605,True,False,False,False
JUNB,3.8897545744340336,0.0023461927194148,-1.019255034456008,0.7027916312217712,True,False,False,False
ATF4,3.96611763056267,0.0017676149727776,1.3217563319153132,0.5829251408576965,True,False,False,True
AR,3.9799858233729055,0.0017272789264097,0.4914336965875898,0.8862876296043396,True,False,False,True
FOS,4.010734102988282,0.0015734628541395,-0.8271927146188136,0.7793751358985901,True,False,False,False
NFE2L2,4.02029897024446,0.0015691124135628,1.1790756632055603,0.6525324583053589,True,False,False,True
STAT3,4.030570310044425,0.0015622592763975,0.930100855601422,0.7407544255256653,True,False,False,True
RELA,4.079236637181801,0.0013793085236102,-1.4717223039609935,0.5157152414321899,True,False,False,False
ESR1,4.086855250057832,0.0013793085236102,0.4369819549946799,0.8974133133888245,True,False,False,True
ATF2,4.092506078497259,0.0013793085236102,-0.48918553017292554,0.8862876296043396,True,False,False,False
RUNX1,4.219945404177733,0.0008585380273871,-1.9310160794191498,0.33646413683891296,True,False,False,False
SPI1,4.316169059407974,0.0006201352807693,1.0554450613401445,0.68677818775177,True,False,False,True
SP1,4.331686608576185,0.0006120533798821,2.7633249236784088,0.08693931251764297,True,False,False,True
EGR1,4.4439867973556275,0.0003883866302203,-1.1933465955597864,0.645842969417572,True,False,False,False
NFATC1,4.5243323058026546,0.0002843962574843,-3.6853449832535876,0.008424105122685432,True,True,True,False
MEF2A,4.527480582387202,0.0002843962574843,-2.7052500281166987,0.09735081344842911,True,False,False,False
FOXO3,4.660244585340394,0.0001712414668872,1.5105804889924639,0.5048713684082031,True,False,False,True
SRF,4.665244420774522,0.0001712414668872,-0.7959074197658565,0.7898380756378174,True,False,False,False
JUND,4.715906321667037,0.0001542627433082,-1.320001248952575,0.5829251408576965,True,False,False,False
ETS2,4.778249524463416,0.0001247587933903,-0.6958647309759004,0.8143765926361084,True,False,False,False
SMAD3,4.924454249750705,6.640511855948716e-05,-0.7915221787305219,0.7898380756378174,True,False,False,False
ETS1,4.974765362045276,5.77169812459033e-05,-0.7302190300922741,0.8018715381622314,True,False,False,False
NFKB,5.006840106491477,5.5886717746034265e-05,-0.0077345552434953235,0.9986990094184875,True,False,False,False
JUN,5.48837575179621,4.8063402573461644e-06,0.15049618592939332,0.9714920520782471,True,False,False,True
HIF1A,5.722284123925257,1.4991874195402488e-06,0.16388258376113293,0.9714217782020569,True,False,False,True
TP53,6.416567465172896,3.3539986787900495e-08,-0.7824693691847713,0.7898380756378174,True,False,False,False
AP1,6.536207581766092,2.283295863492185e-08,3.212158960117438,0.028805211186408997,True,True,True,True
